id,name,email,phone,role
1,Anna Nowak,anna@firma.test,+48 123 456 789,User
2,Piotr Wiśniewski,piotr.wiśniewski@firma.test,+48 859 381 350,Analyst
3,Tomasz Kamiński,tomasz.kamiński@firma.test,+48 854 204 792,User
4,Sławomir Pawlak,sławomir.pawlak@firma.test,+48 532 132 130,User
5,Krzysztof Zieliński,krzysztof.zieliński@firma.test,+48 338 617 716,Admin
6,Ewa Nowakowska,ewa.nowakowska@firma.test,+48 303 833 765,Finance
7,Barbara Szymańska,barbara.szymańska@firma.test,+48 559 703 384,Admin
8,Dariusz Zawadzki,dariusz.zawadzki@firma.test,+48 925 263 814,Finance
9,Jacek Kozłowski,jacek.kozłowski@firma.test,+48 384 259 320,HR
10,Agnieszka Wójcik,agnieszka.wójcik@firma.test,+48 194 489 199,HR
11,Beata Kubiak,beata.kubiak@firma.test,+48 452 718 370,Admin
12,Sylwia Kaczmarek,sylwia.kaczmarek@firma.test,+48 570 649 227,Finance
13,Marek Lewandowski,marek.lewandowski@firma.test,+48 665 400 949,HR
14,Sławomir Pawlak,sławomir.pawlak@firma.test,+48 296 821 171,Admin
15,Marta Dudek,marta.dudek@firma.test,+48 333 891 396,User
16,Beata Kubiak,beata.kubiak@firma.test,+48 338 987 203,Finance
17,Andrzej Woźniak,andrzej.woźniak@firma.test,+48 564 750 954,HR
18,Magdalena Kowalczyk,magdalena.kowalczyk@firma.test,+48 479 463 314,Developer
19,Łukasz Wieczorek,łukasz.wieczorek@firma.test,+48 799 763 173,Manager
20,Ewa Nowakowska,ewa.nowakowska@firma.test,+48 846 350 267,Support
21,Paweł Mazur,paweł.mazur@firma.test,+48 376 755 804,Analyst
22,Marta Dudek,marta.dudek@firma.test,+48 432 963 886,Admin
23,Barbara Szymańska,barbara.szymańska@firma.test,+48 941 132 924,HR
24,Paweł Mazur,paweł.mazur@firma.test,+48 374 167 316,HR
25,Krzysztof Zieliński,krzysztof.zieliński@firma.test,+48 771 611 505,Support
26,Tomasz Kamiński,tomasz.kamiński@firma.test,+48 371 242 352,Developer
27,Sylwia Kaczmarek,sylwia.kaczmarek@firma.test,+48 698 538 697,Finance
28,Joanna Jankowska,joanna.jankowska@firma.test,+48 324 241 621,Support
29,Marek Lewandowski,marek.lewandowski@firma.test,+48 873 148 981,User
30,Tomasz Kamiński,tomasz.kamiński@firma.test,+48 742 263 911,Finance
31,Dorota Michalska,dorota.michalska@firma.test,+48 165 494 490,Support
32,Mariusz Grabowski,mariusz.grabowski@firma.test,+48 357 666 981,Admin
33,Marta Dudek,marta.dudek@firma.test,+48 838 217 798,Developer
34,Dariusz Zawadzki,dariusz.zawadzki@firma.test,+48 756 448 214,Developer
35,Aleksandra Kwiatkowska,aleksandra.kwiatkowska@firma.test,+48 261 564 103,Developer
36,Mariusz Grabowski,mariusz.grabowski@firma.test,+48 880 282 619,User
37,Beata Kubiak,beata.kubiak@firma.test,+48 740 405 961,Analyst
38,Tomasz Kamiński,tomasz.kamiński@firma.test,+48 482 880 265,Admin
39,Dorota Michalska,dorota.michalska@firma.test,+48 431 600 119,User
40,Joanna Jankowska,joanna.jankowska@firma.test,+48 999 951 926,Developer
41,Barbara Szymańska,barbara.szymańska@firma.test,+48 159 346 999,User
42,Marek Lewandowski,marek.lewandowski@firma.test,+48 849 597 935,User
43,Dariusz Zawadzki,dariusz.zawadzki@firma.test,+48 645 884 228,Manager
44,Marta Dudek,marta.dudek@firma.test,+48 586 662 269,Developer
45,Mariusz Grabowski,mariusz.grabowski@firma.test,+48 993 721 533,Analyst
46,Ewa Nowakowska,ewa.nowakowska@firma.test,+48 873 847 806,Analyst
47,Anna Nowak,anna@firma.test,+48 123 456 789,Developer
48,Paweł Mazur,paweł.mazur@firma.test,+48 787 765 482,Support
49,Rafał Sikora,rafał.sikora@firma.test,+48 629 562 223,Analyst
50,Barbara Szymańska,barbara.szymańska@firma.test,+48 165 446 121,Analyst
51,Sławomir Pawlak,sławomir.pawlak@firma.test,+48 325 107 172,Admin
52,Barbara Szymańska,barbara.szymańska@firma.test,+48 169 132 980,HR
53,Marek Lewandowski,marek.lewandowski@firma.test,+48 626 343 385,Support
54,Krzysztof Zieliński,krzysztof.zieliński@firma.test,+48 652 235 840,Support
55,Barbara Szymańska,barbara.szymańska@firma.test,+48 903 584 926,Finance
56,Krzysztof Zieliński,krzysztof.zieliński@firma.test,+48 196 199 774,Finance
57,Joanna Jankowska,joanna.jankowska@firma.test,+48 533 520 578,Admin
58,Marta Dudek,marta.dudek@firma.test,+48 769 761 200,Admin
59,Paweł Mazur,paweł.mazur@firma.test,+48 845 447 919,User
60,Barbara Szymańska,barbara.szymańska@firma.test,+48 296 294 649,Support
61,Tomasz Kamiński,tomasz.kamiński@firma.test,+48 532 287 385,Support
62,Barbara Szymańska,barbara.szymańska@firma.test,+48 995 177 553,User
63,Katarzyna Kowalska,katarzyna.kowalska@firma.test,+48 767 653 956,Admin
64,Marek Lewandowski,marek.lewandowski@firma.test,+48 871 969 342,Manager
65,Aleksandra Kwiatkowska,aleksandra.kwiatkowska@firma.test,+48 597 592 318,Finance
66,Rafał Sikora,rafał.sikora@firma.test,+48 160 268 488,Admin
67,Paweł Mazur,paweł.mazur@firma.test,+48 371 902 903,Support
68,Monika Dąbrowska,monika.dąbrowska@firma.test,+48 533 813 848,Support
69,Tomasz Kamiński,tomasz.kamiński@firma.test,+48 294 403 322,Admin
70,Sławomir Pawlak,sławomir.pawlak@firma.test,+48 853 655 162,HR
71,Katarzyna Kowalska,katarzyna.kowalska@firma.test,+48 151 698 588,Manager
72,Katarzyna Kowalska,katarzyna.kowalska@firma.test,+48 620 182 971,Manager
73,Marek Lewandowski,marek.lewandowski@firma.test,+48 709 169 791,Analyst
74,Paweł Mazur,paweł.mazur@firma.test,+48 222 683 352,Admin
75,Dorota Michalska,dorota.michalska@firma.test,+48 183 529 773,HR
76,Andrzej Woźniak,andrzej.woźniak@firma.test,+48 309 785 833,HR
77,Barbara Szymańska,barbara.szymańska@firma.test,+48 371 505 234,Developer
78,Grzegorz Krawczyk,grzegorz.krawczyk@firma.test,+48 423 869 174,Admin
79,Grzegorz Krawczyk,grzegorz.krawczyk@firma.test,+48 736 676 202,User
80,Ewa Nowakowska,ewa.nowakowska@firma.test,+48 318 618 371,Manager
81,Joanna Jankowska,joanna.jankowska@firma.test,+48 170 350 478,Developer
82,Magdalena Kowalczyk,magdalena.kowalczyk@firma.test,+48 548 953 656,Developer
83,Dorota Michalska,dorota.michalska@firma.test,+48 926 769 641,Admin
84,Marta Dudek,marta.dudek@firma.test,+48 936 667 406,User
85,Rafał Sikora,rafał.sikora@firma.test,+48 237 370 218,User
86,Sylwia Kaczmarek,sylwia.kaczmarek@firma.test,+48 666 259 378,Developer
87,Dorota Michalska,dorota.michalska@firma.test,+48 315 834 451,Analyst
88,Marta Dudek,marta.dudek@firma.test,+48 749 973 370,Support
89,Andrzej Woźniak,andrzej.woźniak@firma.test,+48 966 152 194,Finance
90,Wojciech Ostrowski,wojciech.ostrowski@firma.test,+48 383 145 103,HR
91,Dariusz Zawadzki,dariusz.zawadzki@firma.test,+48 233 752 368,Manager
92,Sylwia Kaczmarek,sylwia.kaczmarek@firma.test,+48 552 664 822,Finance
93,Ewa Nowakowska,ewa.nowakowska@firma.test,+48 109 214 177,Manager
94,Ewa Nowakowska,ewa.nowakowska@firma.test,+48 136 954 478,Manager
95,Aleksandra Kwiatkowska,aleksandra.kwiatkowska@firma.test,+48 230 142 415,HR
96,Rafał Sikora,rafał.sikora@firma.test,+48 915 981 140,HR
97,Krzysztof Zieliński,krzysztof.zieliński@firma.test,+48 798 355 782,User
98,Joanna Jankowska,joanna.jankowska@firma.test,+48 898 673 995,Finance
99,Dorota Michalska,dorota.michalska@firma.test,+48 867 258 342,Manager
100,Karolina Baran,karolina.baran@firma.test,+48 930 281 522,Admin
101,Magdalena Kowalczyk,magdalena.kowalczyk@firma.test,+48 854 440 901,Finance
102,Karolina Baran,karolina.baran@firma.test,+48 785 984 852,Analyst
103,Andrzej Woźniak,andrzej.woźniak@firma.test,+48 263 906 818,User
104,Paweł Mazur,paweł.mazur@firma.test,+48 993 139 979,Support
105,Barbara Szymańska,barbara.szymańska@firma.test,+48 304 936 571,HR
106,Monika Dąbrowska,monika.dąbrowska@firma.test,+48 940 914 992,Analyst
107,Barbara Szymańska,barbara.szymańska@firma.test,+48 124 775 297,Finance
108,Jacek Kozłowski,jacek.kozłowski@firma.test,+48 385 985 171,Developer
109,Joanna Jankowska,joanna.jankowska@firma.test,+48 756 621 509,HR
110,Piotr Wiśniewski,piotr.wiśniewski@firma.test,+48 218 998 367,Manager
111,Sławomir Pawlak,sławomir.pawlak@firma.test,+48 371 139 211,Finance
112,Anna Nowak,anna@firma.test,123456789,HR
113,Sylwia Kaczmarek,sylwia.kaczmarek@firma.test,+48 905 421 546,User
114,Paweł Mazur,paweł.mazur@firma.test,+48 690 294 360,Admin
115,Łukasz Wieczorek,łukasz.wieczorek@firma.test,+48 546 101 632,Analyst
116,Joanna Jankowska,joanna.jankowska@firma.test,+48 541 171 780,HR
117,Dorota Michalska,dorota.michalska@firma.test,+48 421 779 968,User
118,Sylwia Kaczmarek,sylwia.kaczmarek@firma.test,+48 407 619 416,Finance
119,Jacek Kozłowski,jacek.kozłowski@firma.test,+48 512 813 402,Manager
120,Krzysztof Zieliński,krzysztof.zieliński@firma.test,+48 530 780 488,Manager
121,Dorota Michalska,dorota.michalska@firma.test,+48 682 408 515,Admin
122,Monika Dąbrowska,monika.dąbrowska@firma.test,+48 393 315 540,HR
123,Grzegorz Krawczyk,grzegorz.krawczyk@firma.test,+48 552 552 791,Analyst
124,Mariusz Grabowski,mariusz.grabowski@firma.test,+48 584 912 915,Manager
125,Marta Dudek,marta.dudek@firma.test,+48 186 390 627,HR
126,Marek Lewandowski,marek.lewandowski@firma.test,+48 938 869 340,Developer
127,Barbara Szymańska,barbara.szymańska@firma.test,+48 925 303 250,Admin
128,Katarzyna Kowalska,katarzyna.kowalska@firma.test,+48 350 586 725,User
129,Grzegorz Krawczyk,grzegorz.krawczyk@firma.test,+48 524 744 689,Analyst
130,Łukasz Wieczorek,łukasz.wieczorek@firma.test,+48 813 493 606,Finance
131,Barbara Szymańska,barbara.szymańska@firma.test,+48 251 771 804,Admin
132,Rafał Sikora,rafał.sikora@firma.test,+48 868 981 888,User
133,Dariusz Zawadzki,dariusz.zawadzki@firma.test,+48 535 324 280,Support
134,Katarzyna Kowalska,katarzyna.kowalska@firma.test,+48 670 355 968,User
135,Grzegorz Krawczyk,grzegorz.krawczyk@firma.test,+48 236 920 575,HR
136,Dariusz Zawadzki,dariusz.zawadzki@firma.test,+48 553 727 934,Finance
137,Wojciech Ostrowski,wojciech.ostrowski@firma.test,+48 661 556 262,Support
138,Grzegorz Krawczyk,grzegorz.krawczyk@firma.test,+48 365 869 353,Developer
139,Dariusz Zawadzki,dariusz.zawadzki@firma.test,+48 896 633 596,Analyst
140,Andrzej Woźniak,andrzej.woźniak@firma.test,+48 550 179 830,Developer
141,Barbara Szymańska,barbara.szymańska@firma.test,+48 378 443 427,User
142,Tomasz Kamiński,tomasz.kamiński@firma.test,+48 254 336 492,Manager
143,Łukasz Wieczorek,łukasz.wieczorek@firma.test,+48 319 165 524,Finance
144,Jacek Kozłowski,jacek.kozłowski@firma.test,+48 655 577 525,Admin
145,Krzysztof Zieliński,krzysztof.zieliński@firma.test,+48 952 530 498,Admin
146,Beata Kubiak,beata.kubiak@firma.test,+48 883 689 489,Support
147,Piotr Wiśniewski,piotr.wiśniewski@firma.test,+48 460 405 871,Finance
148,Beata Kubiak,beata.kubiak@firma.test,+48 955 529 651,Analyst
149,Natalia Piotrowska,natalia.piotrowska@firma.test,+48 324 379 546,Support
150,Piotr Wiśniewski,piotr.wiśniewski@firma.test,+48 498 444 784,Finance
151,Sylwia Kaczmarek,sylwia.kaczmarek@firma.test,+48 269 960 578,Manager
152,Dorota Michalska,dorota.michalska@firma.test,+48 646 127 503,Admin
153,Marek Lewandowski,marek.lewandowski@firma.test,+48 758 538 238,Support
154,Magdalena Kowalczyk,magdalena.kowalczyk@firma.test,+48 151 366 488,HR
155,Krzysztof Zieliński,krzysztof.zieliński@firma.test,+48 565 434 445,Finance
156,Andrzej Woźniak,andrzej.woźniak@firma.test,+48 870 951 531,Developer
157,Wojciech Ostrowski,wojciech.ostrowski@firma.test,+48 183 581 119,Admin
158,Joanna Jankowska,joanna.jankowska@firma.test,+48 329 765 170,Admin
159,Dariusz Zawadzki,dariusz.zawadzki@firma.test,+48 131 353 304,Admin
160,Dorota Michalska,dorota.michalska@firma.test,+48 256 344 229,Support
161,Marta Dudek,marta.dudek@firma.test,+48 217 677 323,Support
162,Łukasz Wieczorek,łukasz.wieczorek@firma.test,+48 362 885 477,Manager
163,Dorota Michalska,dorota.michalska@firma.test,+48 721 865 835,User
164,Dariusz Zawadzki,dariusz.zawadzki@firma.test,+48 938 267 418,User
165,Sławomir Pawlak,sławomir.pawlak@firma.test,+48 126 419 689,Finance
166,Paweł Mazur,paweł.mazur@firma.test,+48 832 303 177,Analyst
167,Agnieszka Wójcik,agnieszka.wójcik@firma.test,+48 813 891 408,User
168,Karolina Baran,karolina.baran@firma.test,+48 679 901 142,HR
169,Ewa Nowakowska,ewa.nowakowska@firma.test,+48 538 777 479,User
170,Mariusz Grabowski,mariusz.grabowski@firma.test,+48 763 449 112,Finance
171,Wojciech Ostrowski,wojciech.ostrowski@firma.test,+48 601 208 543,HR
172,Robert Adamczyk,robert.adamczyk@firma.test,+48 948 570 824,Manager
173,Aleksandra Kwiatkowska,aleksandra.kwiatkowska@firma.test,+48 280 851 634,Developer
174,Dorota Michalska,dorota.michalska@firma.test,+48 927 651 893,Support
175,Grzegorz Krawczyk,grzegorz.krawczyk@firma.test,+48 546 945 848,Developer
176,Jacek Kozłowski,jacek.kozłowski@firma.test,+48 972 351 950,User
177,Andrzej Woźniak,andrzej.woźniak@firma.test,+48 561 349 868,Support
178,Anna Nowak,anna@firma.test,123456789,Finance
179,Jacek Kozłowski,jacek.kozłowski@firma.test,+48 129 606 971,HR
180,Magdalena Kowalczyk,magdalena.kowalczyk@firma.test,+48 599 317 463,Developer
181,Jacek Kozłowski,jacek.kozłowski@firma.test,+48 386 710 818,Developer
182,Ewa Nowakowska,ewa.nowakowska@firma.test,+48 110 629 295,User
183,Barbara Szymańska,barbara.szymańska@firma.test,+48 837 516 600,Analyst
184,Łukasz Wieczorek,łukasz.wieczorek@firma.test,+48 587 761 828,Support
185,Grzegorz Krawczyk,grzegorz.krawczyk@firma.test,+48 911 117 195,Developer
186,Barbara Szymańska,barbara.szymańska@firma.test,+48 514 808 349,Developer
187,Marta Dudek,marta.dudek@firma.test,+48 695 477 584,HR
188,Aleksandra Kwiatkowska,aleksandra.kwiatkowska@firma.test,+48 863 663 438,HR
189,Łukasz Wieczorek,łukasz.wieczorek@firma.test,+48 564 377 413,Developer
190,Barbara Szymańska,barbara.szymańska@firma.test,+48 223 838 297,HR
191,Agnieszka Wójcik,agnieszka.wójcik@firma.test,+48 860 648 880,Manager
192,Krzysztof Zieliński,krzysztof.zieliński@firma.test,+48 321 856 595,Developer
193,Sylwia Kaczmarek,sylwia.kaczmarek@firma.test,+48 703 878 637,Developer
194,Agnieszka Wójcik,agnieszka.wójcik@firma.test,+48 952 298 403,Analyst
195,Joanna Jankowska,joanna.jankowska@firma.test,+48 283 409 114,Manager
196,Andrzej Woźniak,andrzej.woźniak@firma.test,+48 146 155 666,Developer
197,Łukasz Wieczorek,łukasz.wieczorek@firma.test,+48 229 753 989,Support
198,Agnieszka Wójcik,agnieszka.wójcik@firma.test,+48 993 112 687,Developer
199,Natalia Piotrowska,natalia.piotrowska@firma.test,+48 590 551 448,Manager
200,Katarzyna Kowalska,katarzyna.kowalska@firma.test,+48 358 982 589,User
